[
  {
    "line": 2,
    "elements": [
      {
        "start_timestamp": "2020-11-01T17:14:50.195Z",
        "line": 18,
        "name": "Sceanrio4",
        "description": "",
        "id": "tags-demo;sceanrio4",
        "type": "scenario",
        "keyword": "Scenario",
        "steps": [
          {
            "result": {
              "duration": 4000000,
              "status": "passed"
            },
            "line": 19,
            "name": "This is sceanrio4",
            "match": {
              "location": "com.stepDefinition.TagsStepDefinition.this_is_sceanrio4()"
            },
            "keyword": "Given "
          }
        ],
        "tags": [
          {
            "name": "@FunctionalTest"
          },
          {
            "name": "@SanityTest"
          }
        ]
      },
      {
        "start_timestamp": "2020-11-01T17:14:50.411Z",
        "line": 21,
        "name": "Sceanrio5",
        "description": "",
        "id": "tags-demo;sceanrio5",
        "type": "scenario",
        "keyword": "Scenario",
        "steps": [
          {
            "result": {
              "duration": 1000000,
              "status": "passed"
            },
            "line": 22,
            "name": "This is sceanrio5",
            "match": {
              "location": "com.stepDefinition.TagsStepDefinition.this_is_sceanrio5()"
            },
            "keyword": "Given "
          }
        ],
        "tags": [
          {
            "name": "@FunctionalTest"
          }
        ]
      },
      {
        "start_timestamp": "2020-11-01T17:14:50.423Z",
        "line": 24,
        "name": "Sceanrio6",
        "description": "",
        "id": "tags-demo;sceanrio6",
        "type": "scenario",
        "keyword": "Scenario",
        "steps": [
          {
            "result": {
              "duration": 1000000,
              "status": "passed"
            },
            "line": 25,
            "name": "This is sceanrio6",
            "match": {
              "location": "com.stepDefinition.TagsStepDefinition.this_is_sceanrio6()"
            },
            "keyword": "Given "
          }
        ],
        "tags": [
          {
            "name": "@FunctionalTest"
          }
        ]
      },
      {
        "start_timestamp": "2020-11-01T17:14:50.434Z",
        "line": 27,
        "name": "Sceanrio7",
        "description": "",
        "id": "tags-demo;sceanrio7",
        "type": "scenario",
        "keyword": "Scenario",
        "steps": [
          {
            "result": {
              "duration": 5000000,
              "status": "passed"
            },
            "line": 28,
            "name": "This is sceanrio7",
            "match": {
              "location": "com.stepDefinition.TagsStepDefinition.this_is_sceanrio7()"
            },
            "keyword": "Given "
          }
        ],
        "tags": [
          {
            "name": "@FunctionalTest"
          }
        ]
      },
      {
        "start_timestamp": "2020-11-01T17:14:50.451Z",
        "line": 30,
        "name": "Sceanrio8",
        "description": "",
        "id": "tags-demo;sceanrio8",
        "type": "scenario",
        "keyword": "Scenario",
        "steps": [
          {
            "result": {
              "status": "passed"
            },
            "line": 31,
            "name": "This is sceanrio8",
            "match": {
              "location": "com.stepDefinition.TagsStepDefinition.this_is_sceanrio8()"
            },
            "keyword": "Given "
          }
        ],
        "tags": [
          {
            "name": "@FunctionalTest"
          }
        ]
      },
      {
        "start_timestamp": "2020-11-01T17:14:50.457Z",
        "line": 33,
        "name": "Sceanrio9",
        "description": "",
        "id": "tags-demo;sceanrio9",
        "type": "scenario",
        "keyword": "Scenario",
        "steps": [
          {
            "result": {
              "duration": 1000000,
              "status": "passed"
            },
            "line": 34,
            "name": "This is sceanrio9",
            "match": {
              "location": "com.stepDefinition.TagsStepDefinition.this_is_sceanrio9()"
            },
            "keyword": "Given "
          }
        ],
        "tags": [
          {
            "name": "@FunctionalTest"
          }
        ]
      },
      {
        "start_timestamp": "2020-11-01T17:14:50.473Z",
        "line": 36,
        "name": "Sceanrio10",
        "description": "",
        "id": "tags-demo;sceanrio10",
        "type": "scenario",
        "keyword": "Scenario",
        "steps": [
          {
            "result": {
              "duration": 1000000,
              "status": "passed"
            },
            "line": 37,
            "name": "This is sceanrio10",
            "match": {
              "location": "com.stepDefinition.TagsStepDefinition.this_is_sceanrio10()"
            },
            "keyword": "Given "
          }
        ],
        "tags": [
          {
            "name": "@FunctionalTest"
          }
        ]
      }
    ],
    "name": "Tags Demo",
    "description": "",
    "id": "tags-demo",
    "keyword": "Feature",
    "uri": "file:src/test/resources/Features/TagsDemo.feature",
    "tags": [
      {
        "name": "@FunctionalTest",
        "type": "Tag",
        "location": {
          "line": 1,
          "column": 1
        }
      }
    ]
  }
]